Id,class_0,class_1
00eed32682bb,3.215183674853961e-11,0.9999999999678482
010ebe33f668,3.215183674853961e-11,0.9999999999678482
02fa521e1838,3.215183674853961e-11,0.9999999999678482
040e15f562a2,3.215183674853961e-11,0.9999999999678482
046e85c7cc7f,3.215183674853961e-11,0.9999999999678482
